Model,Accuracy,Precision,Recall,F1,Training_Time
RandomForest,0.9679423868312758,0.6637789604434985,0.981834468951353,0.738263188110565,9.843682050704956
